Link,ENS Name
Aggie 68,aggie68
Agotogi,agotogi
Agsilly,agsilly
Agyo (aka Fighting Lion),agyo
Ahho Desunen IX,ahhodesunenix
Ahho Zurako,ahhozurako
Akehende,akehende
Akudai Kanzaburo,akudaikanzaburo
Akumai,akumai
Aladine,aladine
Alpacaman,alpacaman
Alvida,alvida
Amadob,amadob
Ankoro,ankoro
An Zengaiina,anzengaiina
Aphelandra,aphelandra
Aremo Ganmi,aremoganmi
Aruyutayan V,aruyutayanv
Asahija,asahija
Asashichi,asashichi
Ashura Doji,ashuradoji
Aswa,aswa
Atagoyama,atagoyama
Avalo Pizarro,avalopizarro
Babanuki,babanuki
Bacura,bacura
Baggaley,baggaley
Bakezo,bakezo
Bakkin,bakkin
Banchi,banchi
Banchina,banchina
Ban Dedessinée,bandedessinée
Bankuro,bankuro
Banzaburo,banzaburo
Bao Huang,baohuang
Bariete,bariete
Batchee,batchee
Baxcon,baxcon
Beer VI,beervi
Bellett,bellett
Bell-mère,bell-mère
Belo Betty,belobetty
Bepo,bepo
Bian,bian
Big Pan,bigpan
Bimine,bimine
Bingo,bingo
Bishamon,bishamon
Biyo,biyo
Blackback,blackback
Blamenco,blamenco
Blenheim,blenheim
Blue Fan,bluefan
Blue Gilly,bluegilly
Bluejam,bluejam
Blueno,blueno
Blumarine,blumarine
Boa Marigold,boamarigold
Boa Sandersonia,boasandersonia
Bobbin,bobbin
Bobby Funk,bobbyfunk
Bobomba,bobomba
Bogard,bogard
Bomba,bomba
Bomba,bomba
Bongo,bongo
Bonk Punch,bonkpunch
Boo,boo
Boodle,boodle
Boogie,boogie
Bourbon Jr.,bourbonjr
Braham,braham
Brahm,brahm
Brannew,brannew
Brew,brew
Briscola,briscola
Brocca,brocca
Brogy,brogy
Brontosaurus,brontosaurus
Buche,buche
Buchi,buchi
Buffalo,buffalo
Buggy,buggy
Buhichuck,buhichuck
Building Snake,buildingsnake
Bunbuku,bunbuku
Bungo,bungo
Bunny Joe,bunnyjoe
Bushon,bushon
Busshiri,busshiri
Byron,byron
Cabaji,cabaji
Caesar Clown,caesarclown
Caimanlady,caimanlady
Candre,candre
Cands,cands
Capone Pez,caponepez
Catacombo,catacombo
Catarina Devon,catarinadevon
CB Gallant,cbgallant
Chabo,chabo
Chadros Higelyges,chadroshigelyges
Chaka,chaka
Chao,chao
Chap,chap
Chappe,chappe
Charlos,charlos
Charlotte Akimeg,charlotteakimeg
Charlotte Allmeg,charlotteallmeg
Charlotte Amande,charlotteamande
Charlotte Anana,charlotteanana
Charlotte Angel,charlotteangel
Charlotte Anglais,charlotteanglais
Charlotte Basans,charlottebasans
Charlotte Basskarte,charlottebasskarte
Charlotte Bavarois,charlottebavarois
Charlotte Brownie,charlottebrownie
Charlotte Broyé,charlottebroyé
Charlotte Brûlée,charlottebrûlée
Charlotte Cabaletta,charlottecabaletta
Charlotte Cadenza,charlottecadenza
Charlotte De-Chat,charlottechat
Charlotte Chiboust,charlottechiboust
Charlotte Chiffon,charlottechiffon
Charlotte Cinnamon,charlottecinnamon
Charlotte Citron,charlottecitron
Charlotte Compo,charlottecompo
Charlotte Compote,charlottecompote
Charlotte Cornstarch,charlottecornstarch
Charlotte Counter,charlottecounter
Charlotte Cracker,charlottecracker
Charlotte Custard,charlottecustard
Charlotte Dacquoise,charlottedacquoise
Charlotte Daifuku,charlottedaifuku
Charlotte Dolce,charlottedolce
Charlotte Mont-d'Or,charlotted'or
Charlotte Dosmarche,charlottedosmarche
Charlotte Dragée,charlottedragee
Charlotte Effilée,charlotteeffilee
Charlotte High-Fat,charlottefat
Charlotte Flampe,charlotteflampe
Charlotte Fuyumeg,charlottefuyumeg
Charlotte Gala,charlottegala
Charlotte Galette,charlottegalette
Charlotte Hachée,charlottehachée
Charlotte Harumeg,charlotteharumeg
Charlotte Joconde,charlottejoconde
Charlotte Joscarpone,charlottejoscarpone
Charlotte Kanten,charlottekanten
Charlotte Kato,charlottekato
Charlotte Laurin,charlottelaurin
Charlotte Lola,charlottelola
Charlotte Maple,charlottemaple
Charlotte Marble,charlottemarble
Charlotte Saint-Marc,charlottemarc
Charlotte Marnier,charlottemarnier
Charlotte Mascarpone,charlottemascarpone
Charlotte Mash,charlottemash
Charlotte Melise,charlottemelise
Charlotte Mobile,charlottemobile
Charlotte Mondée,charlottemondée
Charlotte Montb,charlottemontb
Charlotte Moscato,charlottemoscato
Charlotte Mozart,charlottemozart
Charlotte Myukuru,charlottemyukuru
Charlotte Newgo,charlottenewgo
Charlotte Newichi,charlottenewichi
Charlotte Newji,charlottenewji
Charlotte Newsan,charlottenewsan
Charlotte Newshi,charlottenewshi
Charlotte Noisette,charlottenoisette
Charlotte Normande,charlottenormande
Charlotte Nougat,charlottenougat
Charlotte Nusstorte,charlottenusstorte
Charlotte Nutmeg,charlottenutmeg
Charlotte Opera,charlotteopera
Charlotte Oven,charlotteoven
Charlotte Panna,charlottepanna
Charlotte Perospero,charlotteperospero
Charlotte Poire,charlottepoire
Charlotte Praline,charlottepraline
Charlotte Prim,charlotteprim
Charlotte Pudding,charlottepudding
Charlotte Raisin,charlotteraisin
Charlotte Smoothie,charlottesmoothie
Charlotte Snack,charlottesnack
Charlotte Tablet,charlottetablet
Charlotte Wafers,charlottewafers
Charlotte Wiro,charlottewiro
Charlotte Yuen,charlotteyuen
Charlotte Zuccotto,charlottezuccotto
Chesskippa,chesskippa
Chew,chew
Chichilisia,chichilisia
Chihaya,chihaya
Chinjao,chinjao
Chiya,chiya
Cho,cho
Chocho,chocho
Chocolat,chocolat
Choco Police,chocopolice
Choi,choi
Chome,chome
Chouchou,chouchou
Chuchun,chuchun
Chuji,chuji
Clione,clione
Coburn,coburn
Cocox,cocox
Colscon,colscon
Comil,comil
Compo,compo
Concelot,concelot
Conis,conis
Coribou,coribou
Cornelia,cornelia
Cosette,cosette
Couran,couran
Curiel,curiel
Curly Dadan,curlydadan
Dachoman,dachoman
Daddy Dee,daddydee
Dagama,dagama
Daidalos,daidalos
Daifugo,daifugo
Daigin,daigin
Daikoku,daikoku
Daikon,daikon
Daisy,daisy
Damask,damask
Daruma,daruma
Daz Bonez,dazbonez
Decalvan Brothers,decalvanbrothers
Delacuaji,delacuaji
Dellinger,dellinger
Demaro Black,demaroblack
Denjiro,denjiro
Devil Dias,devildias
Diamante,diamante
Didit,didit
Diez Barrels,diezbarrels
Dirt Boss,dirtboss
Disc J,discj
Dobby Ibadonbo,dobbyibadonbo
Dobon,dobon
Doc Q,docq
Dogra,dogra
Dogya,dogya
Doha Ittanka II,dohaittankaii
Doma,doma
Donannoyo,donannoyo
Donovan,donovan
Donquino,donquino
Donquixote Homing,donquixotehoming
Donquixote Mjosgard,donquixotemjosgard
Doringo,doringo
Dosun,dosun
Dotaku,dotaku
Dragon Number Thirteen,dragonnumberthirteen
Drophy,drophy
Drug Peclo,drugpeclo
Ducky Bree,duckybree
Du Feld,dufeld
Duval,duval
Eddy,eddy
Edward Weevil,edwardweevil
Egana,egana
Eggplant Soldier,eggplantsoldier
Eiri,eiri
Elizabello II,elizabelloii
Elmy,elmy
Emma,emma
Emporio Ivankov,emporioivankov
Enishida,enishida
Epoida,epoida
Époni,époni
Erik,erik
Erio,erio
Esta,esta
Farafra,farafra
Farul,farul
Faust,faust
Fen Bock,fenbock
Fillonce,fillonce
Finamore,finamore
Fishbonen,fishbonen
Fisher Tiger,fishertiger
Flapper,flapper
Forest Boss,forestboss
Forliewbs,forliewbs
Fossa,fossa
Fourtricks,fourtricks
Fuga,fuga
Fugetsu Omusubi,fugetsuomusubi
Fukaboshi,fukaboshi
Fukurokuju,fukurokuju
Fukurou,fukurou
Fullbody,fullbody
Funkfreed,funkfreed
Furrari,furrari
Fuza,fuza
Gaburu,gaburu
Gaimon,gaimon
Gal,gal
Galdino,galdino
Gally,gally
Gama Pyonnosuke,gamapyonnosuke
Gambia,gambia
Gancho,gancho
Gan Fall,ganfall
Ganryu,ganryu
Ganryu,ganryu
Gatherine,gatherine
Gatz,gatz
Gazelleman,gazelleman
Gecko Moria,geckomoria
Gedatsu,gedatsu
Genbo,genbo
Genrin,genrin
Genzo,genzo
George Black,georgeblack
George Mach,georgemach
Gerd,gerd
Giberson,giberson
Gina,gina
Ginko,ginko
Ginnosuke,ginnosuke
Ginrummy,ginrummy
Giolla,giolla
Gion,gion
Giovanni,giovanni
Giro Chintaro,girochintaro
Gladius,gladius
Glove,glove
Gode,gode
Goki,goki
Goldberg,goldberg
Goldfish Princess,goldfishprincess
Gomorrah,gomorrah
Gonbe,gonbe
Goo,goo
Gorishiro,gorishiro
Goro,goro
Gorobe,gorobe
Gotti,gotti
Grabar,grabar
Gram,gram
Great Michael,greatmichael
Guernica,guernica
Gyaro,gyaro
Gyoro,gyoro
Gyoru,gyoru
Hack,hack
Hajrudin,hajrudin
Hakowan,hakowan
Hangan,hangan
Hanji,hanji
Hannyabal,hannyabal
Happa Yamao,happayamao
Happygun,happygun
Hara,hara
Haredas,haredas
Harisenbon,harisenbon
Haritsu Kendiyo,haritsukendiyo
Haruta,haruta
Hasami,hasami
Hatcha,hatcha
Hattori,hattori
Heat,heat
Helmeppo,helmeppo
Heppoko,heppoko
Hera,hera
Hewitt,hewitt
Hidayu,hidayu
Hideo Usaguchi,hideousaguchi
Higuma,higuma
Hihimaru,hihimaru
Hikoichi,hikoichi
Hildon,hildon
Hina,hina
Hip,hip
Hippo Gentleman,hippogentleman
Hiramera,hiramera
Hiriluk,hiriluk
Hitsugisukan,hitsugisukan
Ho,ho
Hocha,hocha
Hody Jones,hodyjones
Hogback,hogback
Hoichael,hoichael
Holed'em,holed'em
Hongo,hongo
Honner,honner
Hotei,hotei
Hotori,hotori
Howling Gab,howlinggab
Hyota,hyota
Hyoutauros,hyoutauros
Hyouzou,hyouzou
Ibiributsu,ibiributsu
Ibusu,ibusu
Ichika,ichika
Ichiro Kumaguchi,ichirokumaguchi
Ideaman,ideaman
Ideo,ideo
Igaram,igaram
Ikaros Much,ikarosmuch
Ikkaku,ikkaku
Ikkaku,ikkaku
Im,im
Inazuma,inazuma
Inbi,inbi
Inhel,inhel
Inoichibannosuke,inoichibannosuke
Inuarashi,inuarashi
Inukai,inukai
Inuppe,inuppe
Ipponmatsu,ipponmatsu
Ipponume,ipponume
Isa,isa
Ishigo Shitemanna,ishigoshitemanna
Ishilly,ishilly
Island Eater,islandeater
Islewan,islewan
Itomimizu,itomimizu
Ivan X,ivanx
Iwatobi,iwatobi
Izou,izou
Jabra,jabra
Jacksonbanner,jacksonbanner
Jaguar D. Saul,jaguardsaul
Jaki,jaki
Jalmack,jalmack
Jarul,jarul
Jean Ango,jeanango
Jean Bart,jeanbart
Jean Goen,jeangoen
Jero,jero
Jesus Burgess,jesusburgess
Jewelry Bonney,jewelrybonney
Jew Wall,jewwall
Jibuemon,jibuemon
Jigoku Benten,jigokubenten
Jigoro,jigoro
Jigra,jigra
Jizo,jizo
John Giant,johngiant
Jorul,jorul
Jozu,jozu
Jujiro,jujiro
Juki,juki
Junan,junan
Kabu,kabu
Kadar,kadar
Kagero,kagero
Kagikko,kagikko
Kairen,kairen
Kairiken,kairiken
Kairo Kureyo,kairokureyo
Kaku,kaku
Kakukaku,kakukaku
Kakunoshin,kakunoshin
Kalgara,kalgara
Kamakiri,kamakiri
Kamekichi,kamekichi
Kamijiro,kamijiro
Kaneshiro,kaneshiro
Kanezenny,kanezenny
Kappa,kappa
Karasu,karasu
Karoo,karoo
Kasa,kasa
Kasagoba,kasagoba
Kashigami,kashigami
Kashii,kashii
Katsuzo,katsuzo
Kawamatsu,kawamatsu
Kaya,kaya
Kazenbo,kazenbo
Kebi,kebi
Kechatch,kechatch
Kelly Funk,kellyfunk
Kentauros,kentauros
Kerville,kerville
Kibagaeru,kibagaeru
Kibin,kibin
Kikipatsu,kikipatsu
Kikunojo,kikunojo
Kimel,kimel
Kinbo,kinbo
Kinderella,kinderella
Kinga,kinga
Kingbaum,kingbaum
Kingdew,kingdew
Kinoko,kinoko
Kirinkodanuki,kirinkodanuki
Kirintauros,kirintauros
Kisegawa,kisegawa
Kitton,kitton
Koito,koito
Kojuro,kojuro
Kokoro,kokoro
Komachiyo,komachiyo
Komane,komane
Konbu,konbu
Kop,kop
Kotatsu,kotatsu
Koushirou,koushirou
Koyama,koyama
Koze,koze
Kozuki Hiyori,kozukihiyori
Kozuki Momonosuke,kozukimomonosuke
Kozuki Sukiyaki,kozukisukiyaki
Kozuki Toki,kozukitoki
Kuina,kuina
Kukai,kukai
Kumadori,kumadori
Kumadori Yamanbako,kumadoriyamanbako
Kumae,kumae
Kumagoro,kumagoro
Kumashi,kumashi
Kuni,kuni
Kunyun,kunyun
Kureha,kureha
Kuro (aka Klahadore),kuroakaklahadore)
Kurokoma,kurokoma
Kuromarimo,kuromarimo
Kuroobi,kuroobi
Kurosawa,kurosawa
Kurotsuru,kurotsuru
Kurozumi Higurashi,kurozumihigurashi
Kurozumi Kanjuro,kurozumikanjuro
Kurozumi Orochi,kurozumiorochi
Kurozumi Semimaru,kurozumisemimaru
Kuzan,kuzan
Kyuin,kyuin
Kyuji,kyuji
Kyukyu,kyukyu
Lacuba,lacuba
Lady Tree,ladytree
Laffitte,laffitte
Lao G,laog
Laskey,laskey
Lassoo,lassoo
Lemoncheese,lemoncheese
Leonero,leonero
Limejuice,limejuice
Lindbergh,lindbergh
Lines,lines
Lionbuta,lionbuta
Lip Doughty,lipdoughty
Little Oars Jr.,littleoarsjr.
Lonz,lonz
Louis Arnote,louisarnote
Lucky Roux,luckyroux
Lulis,lulis
Machvise,machvise
Macro,macro
Madilloman,madilloman
Magra,magra
Maha,maha
Maidy,maidy
Maki,maki
Makino,makino
Makko,makko
Mamboshi,mamboshi
Mani,mani
Manjaro,manjaro
Mansherry,mansherry
Marguerite,marguerite
Mari,mari
Maria Napole,marianapole
Marilyn,marilyn
Marumieta,marumieta
Mashikaku,mashikaku
Masira,masira
Masked Deuce,maskeddeuce
Massui,massui
Master of the Waters,master
Matryosaka,matryosaka
Matryoseka,matryoseka
Matryosoka,matryosoka
Matryosuka,matryosuka
Matsuge,matsuge
Maujii,maujii
MAX Marx,maxmarx
Maynard,maynard
Mayushika,mayushika
McGuy,mcguy
McKinley,mckinley
Meadows,meadows
Megalo,megalo
Mero,mero
Merry,merry
Michael,michael
Mihar,mihar
Mikazuki,mikazuki
Mikio Itoo,mikioitoo
Mikita,mikita
Milky,milky
Millet Pine,milletpine
Milo (aka Onepoco),miloakaonepoco)
Minatomo,minatomo
Minatomo,minatomo
Minister of the Left,minister
Minister of the Right,minister
Minochihuahua,minochihuahua
Minokoala,minokoala
Minorhinoceros,minorhinoceros
Minoruba,minoruba
Minozebra,minozebra
Miss Catherina,misscatherina
Miss Father's Day,missfather'sday
Miss Friday,missfriday
Miss Monday,missmonday
Miss Mother's Day,missmother'sday
Miss Saturday,misssaturday
Miss Thursday,missthursday
Miss Tuesday,misstuesday
Mizerka,mizerka
Mizuira,mizuira
Mizuta Madaisuki,mizutamadaisuki
Mizuta Mawaritosuki,mizutamawaritosuki
Moai,moai
MocDonald,mocdonald
Moda,moda
Mohji,mohji
Momonga,momonga
Momoo,momoo
Monda,monda
Monjii,monjii
Monjiro,monjiro
Mont Blanc Cricket,montblanccricket
Mont Blanc Noland,montblancnoland
Moon Isaac Jr.,moonisaacjr.
Moqueca,moqueca
Mororon,mororon
Motobaro,motobaro
Motzel,motzel
Mounblutain,mounblutain
Mountain Ricky,mountainricky
Mountain God (aka Yama-san),mountain-san)
Mozambia,mozambia
Mozu,mozu
Mr. 7,mr7
Mr. Mellow,mrmellow
Mr. Momora,mrmomora
Mr. Shimizu,mrshimizu
Muchana,muchana
Mugren,mugren
Mukkashimi Tower,mukkashimitower
Mummy,mummy
Mummy Mee,mummymee
Muret,muret
Namur,namur
Nangi,nangi
Nashi,nashi
Natto,natto
Nazu Ketagari,nazuketagari
Nefertari Cobra,nefertaricobra
Nefertari Titi,nefertarititi
Nefertari Vivi,nefertarivivi
Neggy,neggy
Negikuma Maria,negikumamaria
Nero,neor
Nerine,nerine
Nezumi,nezumi
Nico Olvia,nicoolvia
Nigeratta,nigeratta
Nika,nika
Nnke-kun,nnke-kun
Noble Croc,noblecroc
Nojiko,nojiko
Nokotti,nokotti
Nola,nola
Nora Gitsune,noragitsune
Noriko,noriko
Nosgarl,nosgarl
Nubon,nubon
Nugire Yainu,nugireyainu
Nure-Onna,nure-onna
Nyasha,nyahsa
Nyon (aka Gloriosa),nyon
Ochoku,ochoku
Octopako,octopako
Octopus Mash,octopusmash
Oide,oideoide
Oimo,oimooimo
Okame,okame
Okome,okome
Omasa,omasa
Onigumo,onigumo
Onimaru,onimaru
Orlumbus,orlumbus
Ossamondo,ossamondo
Otohime,otohime
Outlook III,outlookiii
Pagaya,pagaya
Pandawoman,pandawoman
Pankuta Dakeyan,pankutadakeyan
Pantri,pantri
Papaneel,papaneel
Pappag,pappag
Pascia,pascia
Peachbeard,peachbeard
Peepley Lulu,peepleylulu
Pekkori,pekkori
Pekoms,pekoms
Pellini,pellini
Peppoko,peppoko
Petermoo,petermoo
Piiman,piiman
Poppoko,poppoko
Porchemy,porchemy
Portgas D. Rouge,portgasdrouge
Potaufeu,potaufeu
Potsun,potsun
Pudos,pudos
Puppu,puppu
PX-1,px-1
PX-4,px-4
PX-5,px-5
PX-7,px-7
Queen Mama Chanter,queenmamachanter
Rabbitman,rabbitman
Rabiyan,rabiyan
Raideen,raideen
Raizo,raizo
Rakuda,rakuda
Rakuyo,rakuyo
Ramba,ramba
Rampo,rampo
Rangram,rangram
Reforte,reforte
Reuder,reuder
Riku Doldo III,riku doldo iii
Risky Brothers,risky brothers
Risky Brothers (Zombies),risky brothers (zombies)
Roche Tomson,roche tomson
,roger
Rokkaku,rokkaku
Rokki,rokki
Rolling Logan,rolling logan
Roshio,roshio
Rosward,rosward
Ryuboshi,ryuboshi
Saikoro,saikoro
Saldeath,saldeath
Salome,salome
Samurai Batts,samurai batts
Sancrin,sancrin
Sandayu,sandayu
Sanjuan Wolf,sanjuan wolf
Sarahebi,sarahebi
Sarfunkel,sarfunkel
Sarie Nantokanette,sarie nantokanette
Sarquiss,sarquiss
,saul
Schollzo,schollzo
Scopper Gaban,scopper gaban
Scratchmen Apoo,scratchmen apoo
Seagull Guns Nozdon,seagull guns nozdon
Seamars,seamars
Seira,seira
Senor Pink,senor pink
Sentomaru,sentomaru
Shakuyaku,shakuyaku
Shalria,shalria
Shanba,shanba
Shandia Chief,shandia chief
Sharinguru,sharinguru
Sheepshead,sheepshead
Shelly,shelly
Shimotsuki Kozaburo,shimotsuki kozaburo
Shimotsuki Ryuma,shimotsuki ryuma
Shimotsuki Ushimaru,shimotsuki ushimaru
Shimotsuki Yasuie,shimotsuki yasuie
Shin Detamaruka,shin detamaruka
Shin Jaiya,shin jaiya
Shine,shine
Shinosuke,shinosuke
Shiruton Doruyanaika,shiruton doruyanaika
Shishilian,shishilian
Shoujou,shoujou
Shyarly,shyarly
Silver Axe,silver axe
Sind,sind
Smooge,smooge
Sonieh,sonieh
Spandine,spandine
Speed Jiru,speed jiru
Squard,squard
Stansen,stansen
Sterry,sterry
Streusen,streusen
Sugamichi,sugamichi
Suke,suke
Sukoshiba Kanishitoru,sukoshiba kanishitoru
Suleiman,suleiman
Sunbell,sunbell
Surume,surume
Tabuhachiro,tabuhachiro
Tama,tama
Tamachibi,tamachibi
Tamagon,tamagon
Tamanegi,tamanegi
Tank Lepanto,tank lepanto
Tansui,tansui
Tararan,tararan
Taroimo,taroimo
Tea IV,tea iv
,teach
Tegata Ringana,tegata ringana
Tenjo-Sagari,tenjo-sagari
Terracotta,terracotta
Terry Gilteo,terry gilteo
Thalassa Lucas,thalassa lucas
Tibany,tibany
Tilestone,tilestone
Togare,togare
Tokijiro,tokijiro
Tokikake,tokikake
Toko,toko
Tomato Gang,tomato gang
Tonjit,tonjit
Toyama Tsujigiro,toyama tsujigiro
Trafalgar Lami,trafalgar lami
Tritobu,tritobu
Tsugaru Umi,tsugaru umi
Tsunagoro,tsunagoro
Tsunokkov,tsunokkov
Tsurue Monnosuke,tsurue monnosuke
Tsurujo,tsurujo
Turco,turco
Ubau,ubau
Ucy,ucy
Uhho,uhho
Uholisia,uholisia
Ukkari,ukkari
Ukon,ukon
Ultraking,ultraking
Unforgivable Mask,unforgivable mask
Unigaro,unigaro
Urouge,urouge
Usagihebi,usagihebi
Usakkov,usakkov
Uwattsura,uwattsura
Uzuki Tempura,uzuki tempura
Van Augur,van augur
Vander Decken,vander decken
Vander Decken IX,vander decken ix
Vasco Shot,vasco shot
Very Good,very good
Victoria Cindry,victoria cindry
Vinsmoke Ichiji,vinsmoke ichiji
Vinsmoke Judge,vinsmoke judge
Vinsmoke Niji,vinsmoke niji
Vinsmoke Reiju,vinsmoke reiju
Vinsmoke Sora,vinsmoke sora
Vinsmoke Yonji,vinsmoke yonji
Vitan,vitan
Wadatsumi,wadatsumi
Wakasa,wakasa
Wallem,wallem
Wany,wany
Wanyudo,wanyudo
Wanze,wanze
Warashi,warashi
Warazane,warazane
Waruno Furishiro,waruno furishiro
Whitey Bay,whitey bay
Who's-Who,who's-who
Willie Gallon,willie gallon
Wire,wire
Woop Slap,woop slap
Wyper,wyper
X Drake,x drake
Yama,yama
Yamakaji,yamakaji
Yamenahare,yamenahare
Yarisugi,yarisugi
Yatappe,yatappe
Yazaemon,yazaemon
Yokan,yokan
Yokozuna,yokozuna
Yomo,yomo
Yonka Two,yonka two
Yorki,yorki
Yosaku,yosaku
Yoshimoto,yoshimoto
Yotsubane,yotsubane
Yu,yu
Yui,yui
Yuki,yuki
Yukichi Skull,yukichi skull
Yurikah,yurikah
Zadie,zadie
Zala,zala
Zambai,zambai
Zanki,zanki
Zeff,zeff
Zeo,zeo
Zepo,zepo
Zodia,zodia
Zotto,zotto
Zucca,zucca
,
,
